Nombre,WhatsApp,Categoria
"SUTER PETIT RESTO - Cocina de Autor","2604808681","Gastronomía"
"Hostel Shanti-Las Paredes","2604660674","Hostels"
"Cabañas Rincón Azul – Rama Caída","2604331776","Cabañas"
"Cabañas Finca Silvestre – Las Paredes","2604532314","Cabañas"
"SDG TRAVEL- Turismo Emisivo","2604559238","Agencias de Viaje"
"Cabañas Entre El Atuel Y El Diamante – Rama Caída","2604564700","Cabañas"
"VIENTO ANDINO Complejo de Cabañas","2604400666","Cabañas"
"Cabañas Río Azul 1- Valle Grande","2604403457","Cabañas"
"Hostel Antonieta - Ciudad","2604011920","Hostels"
"Cabañas El Auca – Villa 25 de Mayo","2604670652","Cabañas"
"Cabañas El Pueblo Escondido – Rama Caída","2604408456","Cabañas"
"EL PINITO - Heladerías","2604595379","Gastronomía"
"Cabañas San José – 1 Estrella – Cuadro Nacional","2604805927","Cabañas"
"EL CABLE Restaurante - Parrilla","2604577795","Gastronomía"
"LA ALICIA (Restaurante & Hotel de campo)","2604545545","Gastronomía"
"ZUIZA Helados & Café","2604414071","Gastronomía"
"Cabañas Oasis Del Sol – Villa 25 de Mayo","2604577003","Cabañas"
"Cabañas El Eden – Las Paredes","2604597072","Cabañas"
"CABAÑAS ELITA - Rama Caída","5491132636242","Cabañas"
"SR. CAFE (Café- Bar)","2604429107","Gastronomía"
"Cabañas Postal de los Cerros Finca – Rama Caída","5491131242100","Cabañas"
"Cabañas La Viñuela – Ciudad","2604534006","Cabañas"
"Apart La Aldea de San Rafael","2604536078","Apart Hoteles"
"INTI- CO(Restó) -Los Reyunos","2604563767","Gastronomía"
"PAPRIKA RESTAURANTE & EVENTOS - VALLE GRANDE","2604624765","Gastronomía"
"LA DELICIA Helados Artesanales","2604422016","Gastronomía"
"Lucy Sol Cabañas – Las Paredes","2604576564","Cabañas"
"Cabañas Los Niyus – Rama Caída","2604694868","Cabañas"
"COCINA DE FUEGO (Parilla) - Ciudad","2604596800","Gastronomía"
"Apart Hotel Cavis","2604600662","Apart Hoteles"
"Cabañas Malbec – Las Paredes","2604623691","Cabañas"
"RISTTRETO Café","2604557559","Gastronomía"
"Hotel Bonito – 2 Estrellas","2604566882","Hoteles"
"TIERRA DEL VINO E.V.T. - Excursiones Locales","2604311572","Agencias de Viaje"
"Cabañas Lo De Luis – Las Paredes","2604330502","Cabañas"
"Cabañas Agata – Valle Grande","2604667079","Cabañas"
"Cabañas Tierra Virgen – Villa 25 de Mayo","2604593961","Cabañas"
"Lodge Algodón Wine – Cuadro Benegas","2604295985","Sin Categoria"
"ATUEL TRAVEL - Excursiones Locales y Turismo Emisivo.","2604634770","Agencias de Viaje"
"Cabañas Altos la Villa – Villa 25 de Mayo","2604392739","Cabañas"
"Cabañas San José Del Atuel- Rama Caída","2604572994","Cabañas"
"Cabañas Río Azul 2- 2 Estrellas – Valle Grande","2604305017","Cabañas"
"Cabañas Las Magnolias- Ciudad","2604482102","Cabañas"
"Moment’s Bar - Ciudad","2604400990","Gastronomía"
"Cabañas Tardecitas Del Atuel – Rama Caída","2604504933","Cabañas"
"Cabañas San Francisco – Las Paredes","2604586617","Cabañas"
"Cabañas Las Rocas- Ciudad","2604599919","Cabañas"
"Hotel Nuevo Mundo – 3 Estrellas","2604630087","Hoteles"
"LA PREVIA Restó","2604419615","Gastronomía"
"Cabañas La Montielita - Rama Caída","2604056615","Cabañas"
"Cabañas Río Diamante – Las Paredes","2604340135","Cabañas"
"MORITA MIA- Complejo Vacacional - Rama Caída.","1166757437","Sin Categoria"
"Barrancas Suites – Villa 25 de Mayo","2604539394","Hoteles"
"MIKELINO´S - Pizzería","2604225441","Gastronomía"
"DUVAR Resto Club -","2604664018","Gastronomía"
"KYLO Restó","2604607528","Gastronomía"
"PARADOR EL DESVIO- El Desvio","2604350203","Gastronomía"
"Cabañas La Palloza – Cuadro Benegas","2616057074","Cabañas"
"Cabañas Los Nietos- Ciudad","2604655542","Cabañas"
"Cabañas La Vita E Bella – Las Paredes","2604620272","Cabañas"
"DON CARLOS (Café-Bar) - Ciudad","2604519325","Gastronomía"
"Cabañas La Cosecha – Rama Caída","2604418312","Cabañas"
"BARRICAS BODEGON MENDOCINO - Parrilla","2604126964","Gastronomía"
"Apart Hotel Los Carolinos Lodge – Villa 25 de Mayo","2604535254","Apart Hoteles"
"Valle Grande Hotel de Montaña- 3 Estrellas","2604401313","Hoteles"
"Hotel Ciudad – 1 Estrella","2604385362","Hoteles"
"Hotel Regine- 2 Estrellas","2604531997","Hoteles"
"MITTO Helados & Café","2604023893","Gastronomía"
"SAN TELMO Restó & Bar - Ciudad","2604398872","Gastronomía"
"Hotel Kalton – 3 Estrellas","2604430047","Hoteles"
"Complejo Villa Ciruelos- Las Paredes","2604617900","Sin Categoria"
"Cabañas La Martina Casa de Campo – Rama Caída","2604517234","Cabañas"
"Hotel Nitra II – Valle Grande – 3 Estrellas","2604530067","Hoteles"
"Apart Hotel Ámbar","2604636042","Apart Hoteles"
"Cabañas Rocas Amarillas- 2 Estrellas – Valle Grande","2604624765","Cabañas"
"BOMBASTICK San Rafael - Burger-Bar","2604604343","Gastronomía"
"Complejo Villa Bonita – Villa 25 de Mayo","2604537154","Sin Categoria"
"SYRAH Restaurante - Las Paredes","2604802010","Gastronomía"
"ALMALEK - Restó / Bar","2604264633","Gastronomía"
"MARTYNIUK Lodge - Las Paredes","1130400204","Sin Categoria"
"SOL Y AVENTURA - Excursiones Locales","2614193366","Agencias de Viaje"
"Hostel Rogupani - Ciudad","2604419889","Hostels"
"Cabañas Inti Co - Los Reyunos","2604563767","Cabañas"
"Hotel Alas- 1 Estrella","2604422732","Hoteles"
"Azalea Luxury Lodge – Las Paredes","2604571788","Hoteles"
"Cabañas Expoarte -Las Paredes","2604670625","Cabañas"
"ANTIDOTO GINTONERIA RESTO-BAR","2604323232","Gastronomía"
"COLOR CAFÉ - Villa 25 de Mayo","2604570715","Gastronomía"
"La Casona de Crismajo – Cuadro Benegas","2604664695","Sin Categoria"
"FUNEZ UN BAR - Café - Bar","2604310229","Gastronomía"
"Cabañas Posada Del Angel- Valle Grande","2604641782","Posadas"
"LA JARILLA HOSTEL","2604567476","Hostels"
"CLUB DE PESCADORES - El Nihuil","2604372753","Gastronomía"
"BIER 26 (Cervecería - Minutas) - Rama Caída","2604636366","Gastronomía"
"MANO NEGRA (Resto Bar)","2604010510","Gastronomía"
"PARADOR MILLCAYAC - Valle Grande","2604408014","Gastronomía"
"TOSCANA Restó - Ciudad","2604406178","Gastronomía"
"Hostel Nido - Ciudad","2604222133","Hostels"
"PARRILLA AL CAR","2604560049","Gastronomía"
"La Finca Multiespacio - Ciudad","2604410548","Sin Categoria"
"Cabañas Reina De La Paz – Rama Caída","2604646876","Cabañas"
"Apart Hotel La Bodega- Las Paredes","2604571788","Apart Hoteles"
"Apart Hotel Sesma – Cuadro Nacional – 2 Estrellas","2604323299","Apart Hoteles"
"SABORES DE MI PUEBLO - Villa 25 de Mayo","2604317897","Gastronomía"
"EL CAMINO DEL VINO - Wine Bar & Chill Out","2604414300","Gastronomía"
"Cabañas Los Troncos- Ciudad","2604058587","Cabañas"
"Hotel Francia - Ciudad","2604429351","Hoteles"
"BAHRÜ","2604625273","Gastronomía"
"Hotel Family Inn – Las Paredes – 2 Estrellas","2604675514","Hoteles"
"Cabañas Espejos Del Río – Rama Caída","2604223945","Cabañas"
"Hotel San Rafael – 3 Estrellas","2604430127","Hoteles"
"PARRILLA LO DEL TURCO - Ciudad","2604677105","Gastronomía"
"Apart Hotel Vecchia Terra","2604221204","Apart Hoteles"
"RAWSON Bar","2604352562","Gastronomía"
"Cabañas Arco Iris – Las Paredes","2604591478","Cabañas"
"Cabañas Calderón – Las Paredes","2604351626","Cabañas"
"Cabañas Ayres de Cuyo – Las Paredes","5491169483112","Cabañas"
"BIERO (Cervecería)","2604410118","Gastronomía"
"Cabañas Ayum Elun Aldea de Río – Valle Grande","2604538866","Cabañas"
"Apart Hotel Tierra Mora","5491157002168","Apart Hoteles"
"Cabañas Balcón Del Atuel – Valle Grande","2604679932","Cabañas"
"CASA MADRE Restaurante- Casa de Té","2613895474","Gastronomía"
"Cabañas Buena Vista – Valle Grande","2604546484","Cabañas"
"FRAMBUESA- Café - Pastelería","2613895474","Gastronomía"
"Cabañas Bosque Divino – 4 Estrellas – Valle Grande","2604581603","Cabañas"
"Museo Posada Benelli - Las Paredes","2604826030","Posadas"
"Apart Hotel Talú","2604619229","Apart Hoteles"
"AYUM ELUN ALDEA DE RIO - (Restaurante) - Valle Grande -","2604538866","Gastronomía"
"Cabañas Calderón II – 2 Estrellas – Las Paredes","2604351626","Cabañas"
"BODEGA BOUTIQUE IBARRA (Bodega / Restaurante) - Rama Caída","2604040144","Bodegas"
"Complejo Turístico Abraham- Ciudad","2604322262","Sin Categoria"
"BRUTO Café","2604663800","Gastronomía"
"Cabañas Cangallo - Ciudad","2604582250","Cabañas"
"Cabañas Saint Bernard – Cuadro Nacional","2604682657","Cabañas"
"LUPE TAQUERIA BAR (Taquería- Bar)","2604572729","Gastronomía"
"Apart Hotel Los Reyunos","2604682007","Apart Hoteles"
"MILLANTI E.V.T. Excursiones Locales","2604446540","Agencias de Viaje"
"Apart Hotel Ayum Elun Aldea de Río - Valle Grande","2604538866","Apart Hoteles"
"NATURALEZA TURISMO - E.V.T. Turismo Emisivo","2604060643","Agencias de Viaje"
"TOWDAH VIAJES - Empresa de Viajes y Turismo","2604036822","Agencias de Viaje"
"MISS OLIVOS - (Visitas Guiadas- Venta de Productos) - Cuadro Benegas","2604510000","Gastronomía"
"BODEGA ETNIA","2604023673","Bodegas"
"SURCANDO VIAJES E.V.T. - Turismo Emisivo","2604221266","Agencias de Viaje"
"ICONO VIAJES E.V.T. - Turismo Emisivo -","2604420155","Agencias de Viaje"
"SAJET E.V.T.- Turismo Emisivo","2604518355","Agencias de Viaje"
"WAMAI E.V.T. - Turismo Emisivo.","2604614567","Agencias de Viaje"
"ORIGEN (Restó - Casa de Té – Bar)","2604649806","Gastronomía"
"Hotel Almería – 2 Estrellas","2604438020","Hoteles"
"BENELLI CAFÉ -Museo Café","2604446876","Café"
"La Dante Viajes","2604414179","Agencias de Viaje"
"BODEGA FAMILIA MORGAN (Bodega) – Las Paredes","2604118353","Bodegas"
"LUCI Agencia de Viajes - Excursiones Locales y Turismo Emisivo.","2604348668","Agencias de Viaje"
"Hotel Inti’s- 1 Estrella","2604557074","Hoteles"
"BODEGA GRAND ESTATE (vinos)","2604594274","Bodegas"
"DILYS TOURS - Excursiones Locales y Turismo Emisivo.","2604530327","Agencias de Viaje"
"SAN RAFAEL EXCURSIONES evt Legajo 19108","2604565374","Agencias de Viaje"
"LA MANSA GRILL HOUSE - Cuadro Bombal - Cuadro Nacional","2604238499","Gastronomía"
"Apart Hotel Colorina & Spa – San Rafael","5491167059202","Apart Hoteles"
"Bodega ÚLTIMA FRONTERA -","2604124284","Bodegas"
"FRANCA TOUR E.V.T. - Turismo Emisivo","2604425077","Agencias de Viaje"
"OPORTO RESTAURANTE -Ciudad","2604671861","Gastronomía"
"EL COYOTE - E.V.T. Excursiones Locales","2602604530","Agencias de Viaje"
"CASARTERO Eco Posada","2604827716","Posadas"
"JOSSELIN Heladería","2604424809","Gastronomía"
"Cabañas Aoni Kenk- Rama Caída","2604611611","Cabañas"
"LLAMATIVO Resto /Bar -Cañada Seca","2604405557","Gastronomía"
"Apart Hotel Villa María Florales - Cuadro Benegas","2604597703","Apart Hoteles"
"BODEGA BOURNETT (Bodega / Espumantes) - Cuadro Nacional","2604063291","Bodegas"
"COMPLEJO UTN Los Reyunos","2604021708","Sin Categoria"
"ARGANA WINE (Bodega) - Atuel Norte","2604407699","Bodegas"
"PARRILLA DE LA FINCA","2604500166","Gastronomía"
"ANAHI- Helados","2604019103","Gastronomía"
"Apart Hotel Plaza Milenium","2604651295","Apart Hoteles"
"Hotel Rex - 1 estrella","2604014779","Hoteles"
"TABERNA MOSCU Coffee Bar - Ciudad","2604396777","Gastronomía"
"HOTEL VALLE GRANDE - Valle Grande","2604401313","Gastronomía"
"ALOHA Heladería","2604562367","Gastronomía"
"Finca La Penúltima","2604054453","Sin Categoria"
"NINA (Café- Bar) -Ciudad","2604356668","Gastronomía"
"Cabañas Carü Leufu – Valle Grande","2604418025","Cabañas"
"Cabañas Del Lago – Los Reyunos","2604404042","Cabañas"
"Cabañas El Arca De Noé – Rama Caída","2604594306","Cabañas"
"Cabañas Cerro Encantado – 2 Estrellas – Valle Grande","2604045367","Cabañas"
"Nelumbo Petit Chalet – Las Paredes","2604636280","Sin Categoria"
"Chalet Los Troncos - Cuadro Benegas","2604630935","Sin Categoria"
"Cabañas El Abrazo – Rama Caída","2604679616","Cabañas"
"Cabañas Club De Pescadores – El Nihuil","2604552080","Cabañas"
"Cabañas del Puente – Las Paredes","5491167947338","Cabañas"
"Cabañas El Paraíso Del Valle – Valle Grande","2604535442","Cabañas"
"Cabañas El Valle- Ciudad","2604600031","Cabañas"
"Cabañas Altos De La Bodega – Rama Caída","2604693148","Cabañas"
"Cabañas Complejo La Piedra – El Nihuil","2604577686","Cabañas"
"Cabañas Posada San Vicente – Rama Caída","2604599141","Posadas"
"Cabañas Finca Richmond – Cuadro Benegas","2604632132","Cabañas"
"Cabañas Complejo Turístico Motel Cañón Del Atuel","2604551525","Cabañas"
